value,coordinates,summary,flagInfo.hasFlags,parameter.id,parameter.name,parameter.units,parameter.displayName,period.label,period.interval,period.datetimeFrom.utc,period.datetimeFrom.local,period.datetimeTo.utc,period.datetimeTo.local,coverage.expectedCount,coverage.expectedInterval,coverage.observedCount,coverage.observedInterval,coverage.percentComplete,coverage.percentCoverage,coverage.datetimeFrom.utc,coverage.datetimeFrom.local,coverage.datetimeTo.utc,coverage.datetimeTo.local
6.991,,,False,2,pm25,µg/m³,,raw,01:00:00,2016-02-22T17:00:00Z,2016-02-22T14:00:00-03:00,2016-02-22T18:00:00Z,2016-02-22T15:00:00-03:00,1,01:00:00,1,01:00:00,100.0,100.0,2016-02-22T17:00:00Z,2016-02-22T14:00:00-03:00,2016-02-22T18:00:00Z,2016-02-22T15:00:00-03:00
9.03,,,False,2,pm25,µg/m³,,raw,01:00:00,2016-02-22T18:00:00Z,2016-02-22T15:00:00-03:00,2016-02-22T19:00:00Z,2016-02-22T16:00:00-03:00,1,01:00:00,1,01:00:00,100.0,100.0,2016-02-22T18:00:00Z,2016-02-22T15:00:00-03:00,2016-02-22T19:00:00Z,2016-02-22T16:00:00-03:00
8.69,,,False,2,pm25,µg/m³,,raw,01:00:00,2016-02-22T22:00:00Z,2016-02-22T19:00:00-03:00,2016-02-22T23:00:00Z,2016-02-22T20:00:00-03:00,1,01:00:00,1,01:00:00,100.0,100.0,2016-02-22T22:00:00Z,2016-02-22T19:00:00-03:00,2016-02-22T23:00:00Z,2016-02-22T20:00:00-03:00
7.672,,,False,2,pm25,µg/m³,,raw,01:00:00,2016-02-22T23:00:00Z,2016-02-22T20:00:00-03:00,2016-02-23T00:00:00Z,2016-02-22T21:00:00-03:00,1,01:00:00,1,01:00:00,100.0,100.0,2016-02-22T23:00:00Z,2016-02-22T20:00:00-03:00,2016-02-23T00:00:00Z,2016-02-22T21:00:00-03:00
6.311,,,False,2,pm25,µg/m³,,raw,01:00:00,2016-02-23T00:00:00Z,2016-02-22T21:00:00-03:00,2016-02-23T01:00:00Z,2016-02-22T22:00:00-03:00,1,01:00:00,1,01:00:00,100.0,100.0,2016-02-23T00:00:00Z,2016-02-22T21:00:00-03:00,2016-02-23T01:00:00Z,2016-02-22T22:00:00-03:00
6.311,,,False,2,pm25,µg/m³,,raw,01:00:00,2016-02-23T01:00:00Z,2016-02-22T22:00:00-03:00,2016-02-23T02:00:00Z,2016-02-22T23:00:00-03:00,1,01:00:00,1,01:00:00,100.0,100.0,2016-02-23T01:00:00Z,2016-02-22T22:00:00-03:00,2016-02-23T02:00:00Z,2016-02-22T23:00:00-03:00
8.01,,,False,2,pm25,µg/m³,,raw,01:00:00,2016-02-23T02:00:00Z,2016-02-22T23:00:00-03:00,2016-02-23T03:00:00Z,2016-02-23T00:00:00-03:00,1,01:00:00,1,01:00:00,100.0,100.0,2016-02-23T02:00:00Z,2016-02-22T23:00:00-03:00,2016-02-23T03:00:00Z,2016-02-23T00:00:00-03:00
6.992,,,False,2,pm25,µg/m³,,raw,01:00:00,2016-02-23T03:00:00Z,2016-02-23T00:00:00-03:00,2016-02-23T04:00:00Z,2016-02-23T01:00:00-03:00,1,01:00:00,1,01:00:00,100.0,100.0,2016-02-23T03:00:00Z,2016-02-23T00:00:00-03:00,2016-02-23T04:00:00Z,2016-02-23T01:00:00-03:00
6.311,,,False,2,pm25,µg/m³,,raw,01:00:00,2016-02-23T04:00:00Z,2016-02-23T01:00:00-03:00,2016-02-23T05:00:00Z,2016-02-23T02:00:00-03:00,1,01:00:00,1,01:00:00,100.0,100.0,2016-02-23T04:00:00Z,2016-02-23T01:00:00-03:00,2016-02-23T05:00:00Z,2016-02-23T02:00:00-03:00
4.95,,,False,2,pm25,µg/m³,,raw,01:00:00,2016-02-23T05:00:00Z,2016-02-23T02:00:00-03:00,2016-02-23T06:00:00Z,2016-02-23T03:00:00-03:00,1,01:00:00,1,01:00:00,100.0,100.0,2016-02-23T05:00:00Z,2016-02-23T02:00:00-03:00,2016-02-23T06:00:00Z,2016-02-23T03:00:00-03:00
6.311,,,False,2,pm25,µg/m³,,raw,01:00:00,2016-02-23T06:00:00Z,2016-02-23T03:00:00-03:00,2016-02-23T07:00:00Z,2016-02-23T04:00:00-03:00,1,01:00:00,1,01:00:00,100.0,100.0,2016-02-23T06:00:00Z,2016-02-23T03:00:00-03:00,2016-02-23T07:00:00Z,2016-02-23T04:00:00-03:00
8.35,,,False,2,pm25,µg/m³,,raw,01:00:00,2016-02-23T07:00:00Z,2016-02-23T04:00:00-03:00,2016-02-23T08:00:00Z,2016-02-23T05:00:00-03:00,1,01:00:00,1,01:00:00,100.0,100.0,2016-02-23T07:00:00Z,2016-02-23T04:00:00-03:00,2016-02-23T08:00:00Z,2016-02-23T05:00:00-03:00
6.992,,,False,2,pm25,µg/m³,,raw,01:00:00,2016-02-23T08:00:00Z,2016-02-23T05:00:00-03:00,2016-02-23T09:00:00Z,2016-02-23T06:00:00-03:00,1,01:00:00,1,01:00:00,100.0,100.0,2016-02-23T08:00:00Z,2016-02-23T05:00:00-03:00,2016-02-23T09:00:00Z,2016-02-23T06:00:00-03:00
4.27,,,False,2,pm25,µg/m³,,raw,01:00:00,2016-02-23T09:00:00Z,2016-02-23T06:00:00-03:00,2016-02-23T10:00:00Z,2016-02-23T07:00:00-03:00,1,01:00:00,1,01:00:00,100.0,100.0,2016-02-23T09:00:00Z,2016-02-23T06:00:00-03:00,2016-02-23T10:00:00Z,2016-02-23T07:00:00-03:00
4.27,,,False,2,pm25,µg/m³,,raw,01:00:00,2016-02-23T10:00:00Z,2016-02-23T07:00:00-03:00,2016-02-23T11:00:00Z,2016-02-23T08:00:00-03:00,1,01:00:00,1,01:00:00,100.0,100.0,2016-02-23T10:00:00Z,2016-02-23T07:00:00-03:00,2016-02-23T11:00:00Z,2016-02-23T08:00:00-03:00
